Aeugst am Albis;8914
Aeugstertal;8914
Zwillikon;8909
Affoltern am Albis;8910
Bonstetten;8906
Hausen am Albis;8915
Ebertswil;8925
Hedingen;8908
Kappel am Albis;8926
Hauptikon;8926
Uerzlikon;8926
Knonau;8934
Maschwanden;8933
Mettmenstetten;8932
Obfelden;8912
Ottenbach;8913
Rifferswil;8911
Stallikon;8143
Uetliberg;8143
Wettswil;8907
Adlikon b. Andelfingen;8452
Benken ZH;8463
Berg am Irchel;8415
Gr�slikon;8415
Buch am Irchel;8414
Dachsen;8447
Dorf;8458
Feuerthalen;8245
Langwiesen;8246
Flaach;8416
Flurlingen;8247
Andelfingen;8450
Henggart;8444
Humlikon;8457
Kleinandelfingen;8451
Alten;8453
Oerlingen;8461
Nohl;8212
Uhwiesen;8248
Marthalen;8460
Ellikon am Rhein;8464
Oberstammheim;8477
Ossingen;8475
Rheinau;8462
Thalheim an der Thur;8478
Rudolfingen;8465
Wildensbuch;8465
Tr�llikon;8466
Truttikon;8467
Unterstammheim;8476
Volken;8459
Waltalingen;8468
Guntalingen;8468
Bachenb�lach;8184
Bassersdorf;8303
B�lach;8180
Dietlikon;8305
Eglisau;8193
Embrach;8424
Freienstein;8427
Teufen ZH;8428
Glattfelden;8192
Zweidlen;8192
Hochfelden;8182
H�ri;8181
H�ntwangen;8194
Kloten;8302
Lufingen;8426
N�rensdorf;8309
Oberembrach;8425
Glattbrugg;8152
Opfikon;8152
Glattpark (Opfikon);8152
Rafz;8197
Rorbas;8427
Wallisellen;8304
Wasterkingen;8195
Wil ZH;8196
Winkel;8185
Bachs;8164
Boppelsen;8113
Buchs ZH;8107
D�llikon;8108
D�nikon ZH;8114
Dielsdorf;8157
H�ttikon;8115
Neerach;8173
Niederglatt ZH;8172
Niederhasli;8155
Nassenwil;8155
Oberhasli;8156
Niederweningen;8166
Oberglatt ZH;8154
Oberweningen;8165
Otelfingen;8112
Regensberg;8158
Regensdorf;8105
Watt;8105
Adlikon b. Regensdorf;8106
R�mlang;8153
Schleinikon;8165
Sch�fflisdorf;8165
Stadel b. Niederglatt;8174
Windlach;8175
Steinmaur;8162
S�nikon;8162
Weiach;8187
B�retswil;8344
Adetswil;8345
Bubikon;8608
Wolfhausen;8633
Tann;8632
D�rnten;8635
Steg im T�sstal;8496
Fischenthal;8497
Gibswil;8498
Bertschikon (Gossau ZH);8614
Gr�t (Gossau ZH);8624
Gossau ZH;8625
Ottikon (Gossau ZH);8626
Gr�ningen;8627
Hinwil;8340
Wernetshausen;8342
R�ti ZH;8630
Aathal-Seegr�ben;8607
Wald ZH;8636
Laupen ZH;8637
Wetzikon ZH;8620
Wetzikon ZH;8623
Adliswil;8134
Hirzel;8816
Sihlbrugg Station;8135
Sihlwald;8135
Horgen;8810
Horgenberg;8815
H�tten;8825
Kilchberg ZH;8802
Langnau am Albis;8135
Oberrieden;8942
Richterswil;8805
Samstagern;8833
R�schlikon;8803
Sch�nenberg ZH;8824
Gattikon;8136
Thalwil;8800
Au ZH;8804
W�denswil;8820
Erlenbach ZH;8703
Herrliberg;8704
Hombrechtikon;8634
Feldbach;8714
Forch;8127
K�snacht ZH;8700
M�nnedorf;8708
Meilen;8706
Oetwil am See;8618
St�fa;8712
Uerikon;8713
Uetikon am See;8707
Zumikon;8126
Zollikerberg;8125
Zollikon;8702
Fehraltorf;8320
Hittnau;8335
Kemptthal;8310
Grafstal;8310
Winterberg ZH;8312
Lindau;8315
Tagelswangen;8317
Pf�ffikon ZH;8330
Auslikon;8331
Madetswil;8322
G�ndisau;8322
Russikon;8332
Rumlikon;8332
Weisslingen;8484
Neschwil;8484
Theilingen;8484
Wila;8492
Wildberg;8489
Schalchen;8489
Ehrikon;8489
Gockhausen;8044
D�bendorf;8600
Egg b. Z�rich;8132
Hinteregg;8132
Esslingen;8133
F�llanden;8117
Pfaffhausen;8118
Benglen;8121
Greifensee;8606
Binz;8122
Ebmatingen;8123
Maur;8124
M�nchaltorf;8617
Schwerzenbach;8603
N�nikon;8606
Uster;8610
Sulzbach;8614
Wermatswil;8615
Freudwil;8615
Riedikon;8616
Volketswil;8604
Gutenswil;8605
Br�ttisellen;8306
Wangen b. D�bendorf;8602
Altikon;8479
Br�tten;8311
Rutschwil (D�gerlen);8471
D�gerlen;8471
Oberwil (D�gerlen);8471
Berg (D�gerlen);8471
B�nk (D�gerlen);8471
D�ttlikon;8421
Dinhard;8474
Elgg;8353
Ellikon an der Thur;8548
Elsau;8352
Hagenbuch ZH;8523
Hettlingen;8442
Hofstetten ZH;8354
Aesch (Neftenbach);8412
Riet (Neftenbach);8412
H�nikon (Neftenbach);8412
Neftenbach;8413
Pfungen;8422
Rickenbach ZH;8545
Rickenbach Sulz;8545
Schlatt ZH;8418
Seuzach;8472
Turbenthal;8488
Schmidr�ti;8495
Ricketwil (Winterthur);8352
Winterthur;8400
Winterthur;8404
Reutlingen (Winterthur);8404
Stadel (Winterthur);8404
Winterthur;8405
Winterthur;8406
Winterthur;8408
Winterthur;8409
Sennhof (Winterthur);8482
Kollbrunn;8483
Rikon im T�sstal;8486
Zell ZH;8487
R�mism�hle;8487
Aesch ZH;8904
Birmensdorf ZH;8903
Dietikon;8953
Fahrweid;8951
Geroldswil;8954
Oberengstringen;8102
Oetwil an der Limmat;8955
Schlieren;8952
Uitikon Waldegg;8142
Unterengstringen;8103
Urdorf;8902
Weiningen ZH;8104
Z�rich;8001
Z�rich;8002
Z�rich;8003
Z�rich;8004
Z�rich;8005
Z�rich;8006
Z�rich;8008
Z�rich;8032
Z�rich;8037
Z�rich;8038
Z�rich;8041
Z�rich;8044
Z�rich;8045
Z�rich;8046
Z�rich;8047
Z�rich;8048
Z�rich;8049
Z�rich;8050
Z�rich;8051
Z�rich;8052
Z�rich;8053
Z�rich;8055
Z�rich;8057
Z�rich;8064
Effretikon;8307
Ottikon b. Kemptthal;8307
Illnau;8308
Agasul;8308
Kyburg;8314
Saland;8493
Bauma;8494
Sternenberg;8499
Wiesendangen;8542
Bertschikon;8543
Gundetswil;8543
Kefikon ZH;8543
Attikon;8544
Menzengr�t;8546
Aarberg;3270
Bargen BE;3282
Grossaffoltern;3257
Ammerzwil BE;3257
Suberg;3262
Kallnach;3283
Niederried b. Kallnach;3283
Kappelen;3273
Lyss;3250
Busswil BE;3292
Ortschwaben;3042
Meikirch;3045
Wahlendorf;3046
Detligen;3036
Radelfingen b. Aarberg;3271
L�tti;3053
Ruppoldsried;3251
Rapperswil BE;3255
Dieterswil;3256
Bangerten b. Dieterswil;3256
Seewil;3256
Sch�pfen;3054
Frieswil;3035
Wiler b. Seedorf;3266
Seedorf BE;3267
Lobsigen;3268
Aarwangen;4912
Auswil;4944
Bannwil;4913
Bleienbach;3368
Busswil b. Melchnau;4917
Gondiswil;4955
Langenthal;4900
Untersteckholz;4916
Lotzwil;4932
Gutenburg;4932
Madiswil;4934
Leimiswil;4935
Kleindietwil;4936
Melchnau;4917
Obersteckholz;4924
Oeschenbach;4943
Reisiswil;4919
Roggwil BE;4914
Rohrbach;4938
Rohrbachgraben;4938
R�tschelen;4933
Schwarzh�usern;4911
B�tzberg;4922
Thunstetten;4922
Ursenbach;4937
Wynau;4923
Bern;3004
Bern;3005
Bern;3006
Bern;3007
Bern;3008
Bern;3010
Bern;3011
Bern;3011
Bern;3012
Bern;3013
Bern;3014
Bern;3015
Bern;3018
Bern;3019
Bern;3020
Bern;3027
Bolligen;3065
Bremgarten b. Bern;3047
Herrenschwanden;3037
Kirchlindach;3038
Wabern;3084
Spiegel b. Bern;3095
Liebefeld;3097
K�niz;3098
Schliern b. K�niz;3098
Gasel;3144
Niederscherli;3145
Mittelh�usern;3147
Niederwangen b. Bern;3172
Oberwangen b. Bern;3173
Th�rishaus;3174
G�mligen;3073
Muri b. Bern;3074
Oberbalm;3096
Stettlen;3066
Boll;3067
Utzigen;3068
Hinterkappelen;3032
Wohlen b. Bern;3033
Murzelen;3034
Uettligen;3043
Innerberg;3044
S�riswil;3049
Zollikofen;3052
Worblaufen;3048
Ittigen;3063
Ostermundigen;3072
Biel/Bienne;2502
Biel/Bienne;2503
Biel/Bienne;2504
Biel/Bienne;2505
Macolin;2532
Evilard;2533
Arch;3296
B�etigen;3263
B�ren an der Aare;3294
Diessbach b. B�ren;3264
Dotzigen;3293
Lengnau BE;2543
Leuzigen;3297
Meienried;3294
Meinisberg;2554
Oberwil b. B�ren;3298
Pieterlen;2542
R�ti b. B�ren;3295
Wengi b. B�ren;3251
Aefligen;3426
Alchenstorf;3473
B�riswil BE;3323
Burgdorf;3400
Ersigen;3423
Nieder�sch;3424
Ober�sch;3424
Hasle b. Burgdorf;3415
Schafhausen im Emmental;3415
Biembach im Emmental;3419
Heimiswil;3412
Kaltacker;3413
Hellsau;3429
Hindelbank;3324
H�chstetten;3429
Kernenried;3309
Kirchberg BE;3422
Koppigen;3425
Hettiswil b. Hindelbank;3325
Krauchthal;3326
Lyssach;3421
M�tschwil;3324
Oberburg;3414
Lyssach;3421
R�dtligen;3422
Alchenfl�h;3422
Rumendingen;3472
R�ti b. Lyssach;3421
Willadingen;3425
Wynigen;3472
R�edisbach;3474
Corg�mont;2606
Mont-Crosin;2610
Cormoret;2612
Cort�bert;2607
Montagne-de-Courtelary;2608
Courtelary;2608
La Ferri�re;2333
Mont-Tramelan;2723
Orvin;2534
Les Pr�s-d'Orvin;2534
Renan BE;2616
Romont BE;2538
Le Cerneux-Veusil;2345
St-Imier;2610
Mont-Soleil;2610
Les Pontins;2610
Sonceboz-Sombeval;2605
Sonvilier;2615
Montagne-de-Sonvilier;2615
Tramelan;2720
Les Reussilles;2722
Villeret;2613
Frinvillier;2535
Plagne;2536
Vauffelin;2537
P�ry;2603
La Heutte;2604
Br�ttelen;3237
Erlach;3235
Finsterhennen;2577
Gals;3238
Gampelen;3236
Ins;3232
L�scherz;2576
M�ntschemier;3225
Siselen BE;2577
Treiten;3226
Tschugg;3233
Vinelz;3234
B�tterkinden;3315
Kr�iligen;3315
Deisswil b. M�nchenbuchsee;3053
Diemerswil;3053
Etzelkofen;3306
Grafenried;3308
Zauggenried;3309
Fraubrunnen;3312
B�ren zum Hof;3313
Schalunen;3314
Limpach;3317
M�lchi;3317
Jegenstorf;3303
M�nchringen;3303
Ballmoos;3303
Scheunen;3305
Iffwil;3305
Mattstetten;3322
Moosseedorf;3302
M�nchenbuchsee;3053
Urtenen-Sch�nb�hl;3322
Utzenstorf;3427
Wiggiswil;3053
Wiler b. Utzenstorf;3428
Zielebach;4564
Zuzwil BE;3303
Adelboden;3715
Aeschi b. Spiez;3703
Aeschiried;3703
Emdthal;3711
Frutigen;3714
Ried (Frutigen);3724
Achseten;3725
Kandergrund;3716
Blausee-Mitholz;3717
Kandersteg;3718
Krattigen;3704
M�lenen;3711
Reichenbach im Kandertal;3713
Wengi b. Frutigen;3714
Scharnachtal;3722
Kiental;3723
Sundlauenen;3800
Beatenberg;3803
B�nigen b. Interlaken;3806
Brienz BE;3855
Axalp;3855
Brienzwiler;3856
D�rligen;3707
Burglauenen;3816
Grindelwald;3818
Gsteigwiler;3814
Interlaken;3800
Zweil�tschinen;3815
G�ndlischwand;3815
Habkern;3804
Hofstetten b. Brienz;3858
Interlaken;3800
Iseltwald;3807
Lauterbrunnen;3822
Isenfluh;3822
Wengen;3823
Kleine Scheidegg;3823
Eigergletscher;3823
Stechelberg;3824
M�rren;3825
Gimmelwald;3826
Leissigen;3706
L�tschental;3816
Matten b. Interlaken;3800
Niederried b. Interlaken;3853
Oberried am Brienzersee;3854
Goldswil b. Interlaken;3805
Ringgenberg BE;3852
Saxeten;3813
Schwanden b. Brienz;3855
Unterseen;3800
Wilderswil;3812
Arni BE;3508
Biglen;3507
Bowil;3533
Brenzikofen;3671
Freimettigen;3510
Grossh�chstetten;3506
H�utligen;3510
Herbligen;3671
Kiesen;3629
Gysenstein;3503
Konolfingen;3510
Obergoldbach;3434
Landiswil;3434
Linden;3673
Mirchel;3532
Trimstein;3083
M�nsingen;3110
T�gertschi;3111
Niederh�nigen;3504
Oberdiessbach;3672
Aeschlen b. Oberdiessbach;3672
Bleiken b. Oberdiessbach;3674
Oberthal;3531
Oppligen;3629
Rubigen;3113
Schlosswil;3082
Walkringen;3512
Bigenthal;3513
R�fenacht BE;3075
Vielbringen b. Worb;3075
Worb;3076
Enggistein;3077
Richigen;3078
Z�ziwil;3532
Oberh�nigen;3504
Allmendingen b. Bern;3112
Wichtrach;3114
Clavaleyres;1595
Rizenbach;3206
Ferenbalm;3206
Biberen;3206
Gammen;3206
Frauenkappelen;3202
Golaten;3207
Gurbr�;3208
Kriechenwil;3179
Laupen BE;3177
M�hleberg;3203
Rossh�usern;3204
G�mmenen;3205
M�nchenwiler;1797
Neuenegg;3176
Wileroltigen;3207
Belprahon;2744
Champoz;2735
Corcelles BE;2747
Court;2738
Cr�mines;2746
Eschert;2743
Grandval;2745
Loveresse;2732
Moutier;2740
Perrefitte;2742
Reconvilier;2732
Roches BE;2762
Le Fuet;2712
Bellelay;2713
Saicourt;2732
Saules BE;2732
Schelten;2827
Seehof;2747
Sorvilier;2736
Tavannes;2710
La Tanne;2720
Reb�velier;2717
Ch�telat;2715
Monible;2715
Sornetan;2716
Fornet-Dessous;2717
Souboz;2748
Les Ecorcheresses;2748
Pontenet;2733
B�vilard;2735
Malleray;2735
La Neuveville;2520
Nods;2518
Pr�les;2515
Lamboing;2516
Diesse;2517
Aegerten;2558
Bellmund;2564
Br�gg BE;2555
B�hl b. Aarberg;3274
Epsach;3272
Hagneck;2575
Hermrigen;3274
Jens;2565
Ipsach;2563
Ligerz;2514
Merzligen;3274
M�rigen;2572
Nidau;2560
Orpund;2552
Port;2562
Safnern;2553
Scheuren;2556
Schwadernau;2556
Studen BE;2557
Sutz;2572
T�uffelen;2575
Gerolfingen;2575
Walperswil;3272
Worben;3252
T�scherz-Alferm�e;2512
Twann;2513
D�rstetten;3763
Weissenburg;3764
Oey;3753
Diemtigen;3754
Horboden;3755
Zwischenfl�h;3756
Schwenden im Diemtigtal;3757
Latterbach;3758
Erlenbach im Simmental;3762
Oberwil im Simmental;3765
Reutigen;3647
Gwatt (Thun);3645
Einigen;3646
Spiez;3700
Hondrich;3702
Faulensee;3705
Wimmis;3752
H�fen b. Thun;3631
Niederstocken;3632
Oberstocken;3632
Guttannen;3864
Hasliberg Hohfluh;6083
Hasliberg Wasserwendi;6084
Hasliberg Goldern;6085
Hasliberg Reuti;6086
Innertkirchen;3862
Gadmen;3863
Unterbach BE;3857
Meiringen;3860
Br�nig;3860
Rosenlaui;3860
Schattenhalb;3860
Boltigen;3766
Lenk im Simmental;3775
St. Stephan;3772
Matten (St. Stephan);3773
Zweisimmen;3770
Blankenburg;3771
Oeschseite;3776
Feutersoey;3784
Gsteig b. Gstaad;3785
Lauenen b. Gstaad;3782
Abl�ndschen;1657
Saanenm�ser;3777
Sch�nried;3778
Gstaad;3780
Turbach;3781
Grund b. Gstaad;3783
Saanen;3792
Sangernboden;1738
Riffenmatt;3156
Guggisberg;3158
Riedst�tt;3159
R�schegg Gambach;3153
R�schegg Heubach;3154
Lanzenh�usern;3148
Schwarzenburg;3150
Mamishaus;3152
Milken;3157
Albligen;3183
Belp;3123
Belpberg;3124
Burgistein;3664
Gelterfingen;3126
Gerzensee;3115
Gurzelen;3663
Jaberg;3629
Kaufdorf;3126
Kehrsatz;3122
Kirchdorf BE;3116
Kirchenthurnen;3128
Lohnstorf;3127
M�hledorf BE;3116
M�hlethurnen;3127
Niedermuhlern;3087
Noflen BE;3116
R�ti b. Riggisberg;3099
Riggisberg;3132
R�eggisberg;3088
Oberb�tschel;3088
Hinterfultigen;3089
Helgisried-Rohrbach;3155
R�mligen;3128
Seftigen;3662
Toffen;3125
Uttigen;3628
Wattenwil;3665
Zimmerwald;3086
Englisberg;3086
Aeschau;3536
Eggiwil;3537
Langnau im Emmental;3550
Oberfrittenbach;3551
B�rau;3552
Gohl;3553
Lauperswil;3438
Emmenmatt;3543
R�thenbach im Emmental;3538
S�deren;3618
Schwanden im Emmental;3433
Zollbr�ck;3436
R�derswil;3437
Schangnau;6197
Signau;3534
Sch�pbach;3535
Trub;3556
Fankhaus (Trub);3557
Trubschachen;3555
Amsoldingen;3633
Blumenstein;3638
Heimenschwand;3615
Eriz;3619
Innereriz;3619
Fahrni b. Thun;3617
Heiligenschwendi;3625
Heimberg;3627
H�nibach;3626
Hilterfingen;3652
Homberg b. Thun;3622
Horrenbach;3623
Buchen BE;3623
Oberhofen am Thunersee;3653
Pohlern;3638
Schwendibach;3624
Gunten;3654
Sigriswil;3655
Tschingel ob Gunten;3656
Aeschlen ob Gunten;3656
Ringoldswil;3656
Schwanden (Sigriswil);3657
Merligen;3658
Steffisburg;3612
Steffisburg;3613
Teuffenthal b. Thun;3623
Thierachern;3634
Thun;3600
Thun;3603
Thun;3604
Thun;3608
Goldiwil (Thun);3624
Uebeschi;3635
Uetendorf;3661
Unterlangenegg;3614
Schwarzenegg;3616
Zwieselberg;3645
L�ngenb�hl;3636
Forst b. L�ngenb�hl;3636
Affoltern im Emmental;3416
Weier im Emmental;3462
H�usernmoos im Emmental;3463
D�rrenroth;3465
Eriswil;4952
Huttwil;4950
Schwarzenbach (Huttwil);4953
L�tzelfl�h-Goldbach;3432
Ramsei;3435
Ranfl�h;3439
Gr�nenmatt;3452
R�egsauschachen;3415
R�egsau;3417
R�egsbach;3418
Sumiswald;3454
Gr�nen;3455
Wasen im Emmental;3457
Heimisbach;3453
Trachselwald;3456
Schmidigen-M�hleweg;3464
Walterswil BE;4942
Wyssachen;4954
Attiswil;4536
Berken;3376
Bettenhausen;3366
Bollodingen;3366
Farnern;4539
Graben;3376
Wanzwil;3372
R�thenbach Herzogenbuchsee;3373
Heimenhausen;3373
Herzogenbuchsee;3360
Ober�nz;3363
Inkwil;3375
Niederbipp;4704
Nieder�nz;3362
Oberbipp;4538
Ochlenberg;3367
Oschwand;3476
Rumisberg;4539
Grasswil;3365
Seeberg;3365
Riedtwil;3475
Hermiswil;3475
Th�rigen;3367
Walliswil b. Niederbipp;3380
Walliswil b. Wangen;3377
Wangen an der Aare;3380
Wangenried;3374
Wiedlisbach;4537
Wolfisberg;4704
Doppleschwand;6112
Entlebuch;6162
Rengg;6162
Finsterwald b. Entlebuch;6162
Ebnet;6163
Fl�hli LU;6173
S�renberg;6174
Hasle LU;6166
Romoos;6113
Bramboden;6167
Sch�pfheim;6170
Schachen LU;6105
Werthenstein;6106
Escholzmatt;6182
Wiggen;6192
Marbach LU;6196
Aesch LU;6287
Altwis;6286
Ballwil;6275
Emmenbr�cke;6020
Emmen;6032
Ermensee;6294
Eschenbach LU;6274
Gelfingen;6284
Sulz LU;6284
Hitzkirch;6285
Retschwil;6285
M�swangen;6289
H�mikon;6289
H�mikon;6289
Mosen;6295
Hochdorf;6280
Urswil;6280
Baldegg;6283
Hohenrain;6276
Kleinwangen;6277
Lieli LU;6277
Inwil;6034
Rain;6026
R�merswil LU;6027
Herlisberg;6028
Rothenburg;6023
Schongau;6288
Adligenswil;6043
Buchrain;6033
Perlen;6035
Dierikon;6036
Ebikon;6030
Gisikon;6038
Greppen;6404
Honau;6038
St. Niklausen LU;6005
Kastanienbaum;6047
Horw;6048
Kriens;6010
Obernau;6012
Luzern;6003
Luzern;6004
Luzern;6005
Luzern;6006
Luzern;6014
Luzern;6015
Malters;6102
Meggen;6045
Meierskappel;6344
Root;6037
Root D4;6039
Eigenthal;6013
Schwarzenberg LU;6103
Udligenswil;6044
Vitznau;6354
Weggis;6353
Rigi Kaltbad;6356
Neudorf;6025
Berom�nster;6215
Schwarzenbach LU;6215
Gunzwil;6222
B�ron;6233
Buttisholz;6018
Eich;6205
Geuensee;6232
Grosswangen;6022
Hildisrieden;6024
St. Erhard;6212
Knutwil;6213
Kaltbach;6212
Mauensee;6216
Hellb�hl;6016
Sempach Station;6203
Neuenkirch;6206
Nottwil;6207
Oberkirch LU;6208
Pfeffikon LU;5735
Rickenbach LU;6221
Ruswil;6017
Sigigen;6019
Schenkon;6214
Schlierbach;6231
Sempach;6204
Sursee;6210
Triengen;6234
Kulmerau;6234
Winikon;6235
Wilihof;6236
Wolhusen;6110
Fontannen b. Wolhusen;6110
Steinhuserberg;6114
Alberswil;6248
Altb�ron;6147
Altishofen;6246
Buchs LU;6211
Dagmersellen;6252
Uffikon;6253
Ebersecken;6245
Egolzwil;6243
Kottwil;6217
Ettiswil;6218
Fischbach LU;6145
Gettnau;6142
Grossdietwil;6146
Hergiswil b. Willisau;6133
Hofstatt;6154
Luthern;6156
Luthern Bad;6156
Menznau;6122
Geiss;6123
Menzberg;6125
Nebikon;6244
St. Urban;4915
Pfaffnau;6264
Reiden;6260
Reidermoos;6260
Mehlsecken;6260
Langnau b. Reiden;6262
Richenthal;6263
Roggliswil;6265
Ohmstal;6143
Sch�tz;6247
Ufhusen;6153
Wauwil;6242
Wikon;4806
Hintermoos;6260
Zell LU;6144
H�swil;6152
Daiwil;6126
Willisau;6130
Rohrmatt;6132
Altdorf UR;6460
Andermatt;6490
Attinghausen;6468
Bauen;6466
B�rglen UR;6463
Erstfeld;6472
Fl�elen;6454
G�schenen;6487
Intschi;6476
Gurtnellen;6482
Hospental;6493
Isenthal;6461
Realp;6491
Schattdorf;6467
Haldi b. Schattdorf;6469
Seedorf UR;6462
Seelisberg;6377
R�tli;6441
Silenen;6473
Amsteg;6474
Bristen;6475
Sisikon;6452
Spiringen;6464
Urnerboden;8751
Untersch�chen;6465
Wassen UR;6484
Meien;6485
Bennau;8836
Einsiedeln;8840
Trachslau;8840
Gross;8841
Euthal;8844
Willerzell;8846
Egg SZ;8847
Rigi Scheidegg;6410
Gersau;6442
Schindellegi;8834
Feusisberg;8835
Hurden;8640
B�ch SZ;8806
Freienbach;8807
Pf�ffikon SZ;8808
Wollerau;8832
Wilen b. Wollerau;8832
Wollerau;8832
Merlischachen;6402
K�ssnacht am Rigi;6403
Immensee;6405
Altendorf;8852
Galgenen;8854
Innerthal;8858
Lachen SZ;8853
Reichenburg;8864
Siebnen;8854
Sch�belbach;8862
Buttikon SZ;8863
Tuggen;8856
Vorderthal;8857
Wangen SZ;8855
Alpthal;8849
Goldau;6410
Rigi Kl�sterli;6410
Rigi Staffel;6410
Rigi Kulm;6410
Oberarth;6414
Arth;6415
Illgau;6434
Brunnen;6440
Lauerz;6424
Stoos SZ;6433
Morschach;6443
Muotathal;6436
Bisisthal;6436
Ried (Muotathal);6436
Oberiberg;8843
Riemenstalden;6452
Rothenthurm;6418
Sattel;6417
Seewen SZ;6423
Schwyz;6430
Rickenbach b. Schwyz;6432
Ibach;6438
Steinen;6422
Steinerberg;6416
Unteriberg;8842
Studen SZ;8845
Kriens;6010
Alpnachstad;6053
Alpnach Dorf;6055
Grafenort;6388
Engelberg;6390
Giswil;6074
Kerns;6064
St. Niklausen OW;6066
Melchtal;6067
Melchsee-Frutt;6068
Lungern;6078
B�rglen OW;6078
Sachseln;6072
Fl�eli-Ranft;6073
K�giswil;6056
Sarnen;6060
Ramersberg;6060
Wilen (Sarnen);6062
Stalden (Sarnen);6063
Beckenried;6375
Buochs;6374
Dallenwil;6383
Wiesenberg;6383
Wirzweli;6383
Emmetten;6376
B�rgenstock;6363
Ennetb�rgen;6373
Ennetmoos;6372
Hergiswil NW;6052
Oberdorf NW;6370
B�ren NW;6382
Niederrickenbach;6383
Stans;6370
Stansstad;6362
Obb�rgen;6363
F�rigen;6363
Kehrsiten;6365
Wolfenschiessen;6386
Oberrickenbach;6387
N�fels;8752
Mollis;8753
Filzbach;8757
Obstalden;8758
Bilten;8865
Niederurnen;8867
Oberurnen;8868
M�hlehorn;8874
Mitl�di;8756
Schwanden GL;8762
Schw�ndi b. Schwanden;8762
Sool;8762
Engi;8765
Matt;8766
Elm;8767
Nidfurn;8772
Haslen GL;8773
Leuggelbach;8774
Luchsingen;8775
H�tzingen;8775
Diesbach GL;8777
Betschwanden;8777
R�ti GL;8782
Linthal;8783
Braunwald;8784
Glarus;8750
Riedern;8750
Kl�ntal;8750
Netstal;8754
Ennenda;8755
Allenwinden;6319
Baar;6340
Cham;6330
Hagendorn;6332
H�nenberg;6331
H�nenberg See;6333
Menzingen;6313
Edlibach;6313
Finstersee;6313
Sihlbrugg;6340
Neuheim;6345
Ober�geri;6315
Alosen;6315
Morgarten;6315
Rotkreuz;6343
Buonas;6343
Risch;6343
Holzh�usern ZG;6343
Steinhausen;6312
Unter�geri;6314
Neu�geri;6314
Walchwil;6318
Zug;6300
Zugerberg;6300
Oberwil b. Zug;6317
Ch�tillon FR;1473
Cheiry;1529
Chapelle (Broye);1534
Cugy FR;1482
Vesin;1483
F�tigny;1532
Gletterens;1544
Lully FR;1470
Seiry;1470
Bollion;1470
M�ni�res;1533
Cousset;1774
Cousset;1774
Montagny-les-Monts;1774
Mannens;1775
Grandsivaz;1775
Montagny-la-Ville;1776
Nuvilly;1485
Pr�vondavaux;1410
St-Aubin FR;1566
Les Friques;1566
S�vaz;1541
Villeneuve FR;1527
Surpierre;1528
Praratoud;1528
Vallon;1565
Montet (Broye);1483
Frasses;1483
Aumont;1484
Granges-de-Vesin;1484
Delley;1567
Portalban;1568
Dompierre FR;1563
Domdidier;1564
L�chelles;1773
Chandon;1773
Russy;1773
Estavayer-le-Lac;1470
Font;1473
Autavaux;1475
Forel FR;1475
Montbrelloz;1475
Vuissens;1486
Murist;1489
Bussy FR;1541
Morens FR;1541
Rueyres-les-Pr�s;1542
Cheyres;1468
Ch�bles FR;1474
Auboranges;1673
Billens;1681
Hennens;1681
Chapelle (Gl�ne);1608
Le Ch�telard-pr�s-Romont;1689
Ch�tonnaye;1553
Ecublens FR;1673
Grangettes-pr�s-Romont;1686
Massonnens;1692
Berlens;1680
M�zi�res FR;1684
Montet (Gl�ne);1674
Romont FR;1680
Promasens;1673
Gillarens;1673
Rue;1673
Blessens;1675
Chavannes-les-Forts;1676
Prez-vers-Siviriez;1677
Siviriez;1678
Villaraboud;1679
Ursy;1670
Bionnens;1670
Esmonts;1670
Vuarmarens;1674
Morlens;1674
Vauderens;1675
Mossel;1675
Villaz-St-Pierre;1690
Villariaz;1685
La Neirigue;1686
Vuisternens-devant-Romont;1687
La Magne;1687
Est�venens;1687
Sommentier;1688
Lieffrens;1688
La Joux FR;1697
Les Ecasseys;1697
Villarsiviriaux;1694
Villargiroud;1694
Orsonnens;1694
Chavannes-sous-Orsonnens;1694
Torny-le-Grand;1748
Middes;1749
Lussy FR;1690
Villarimboud;1691
Albeuve;1669
Lessoc;1669
Les Sciernes-d'Albeuve;1669
Neirivue;1669
Montbovon;1669
Gumefens;1643
Avry-devant-Pont;1644
Le Bry;1645
Botterens;1652
Villarbeney;1652
Broc;1636
Bulle;1630
La Tour-de-Tr�me;1635
Ch�tel-sur-Montsalvens;1653
Corbi�res;1647
Villarvolard;1651
Cr�suz;1653
Echarlens;1646
Grandvillard;1666
Gruy�res;1663
Pringy;1663
Epagny;1663
Mol�son-sur-Gruy�res;1663
Hauteville;1648
Jaun;1656
Im Fang;1656
Marsens;1633
Vuippens;1633
Morlon;1638
Le P�quier-Montbarry;1661
Pont-la-Ville;1649
Riaz;1632
La Roche FR;1634
S�les (Gruy�re);1625
Maules;1625
Romanens;1626
Treyfayes;1626
Rueyres-Treyfayes;1626
Sorens;1642
Vaulruz;1627
Vuadens;1628
Estavannens;1665
Villars-sous-Mont;1666
Enney;1667
Charmey (Gruy�re);1637
Cerniat FR;1654
Arconciel;1732
Autigny;1742
Ros�;1754
Corjolens;1754
Avry-sur-Matran;1754
Belfaux;1782
Autafond;1782
Ch�nens;1744
Corminboeuf;1720
Ch�sopelloz;1720
Corserey;1747
Cottens FR;1741
Ependes FR;1731
Ferpicloz;1724
Fribourg;1700
Bourguillon;1722
Givisiez;1762
Granges-Paccot;1763
Grolley;1772
Marly;1723
Matran;1753
Neyruz FR;1740
Nor�az;1757
Pierrafortscha;1723
Nierlet-les-Bois;1772
Ponthaux;1772
Le Mouret;1724
Essert FR;1724
Mont�vraz;1724
Oberried FR;1724
Z�nauva;1724
Bonnefontaine;1724
Prez-vers-Nor�az;1746
Sen�des;1724
Treyvaux;1733
Villars-sur-Gl�ne;1752
Villarsel-sur-Marly;1723
Posieux;1725
Ecuvillens;1730
Lentigny;1745
Onnens FR;1756
Lovens;1756
Lossy;1782
La Corbaz;1782
Cormagens;1782
Formangueires;1782
Villarlod;1695
Rueyres-St-Laurent;1695
Estavayer-le-Gibloux;1695
Villarsel-le-Gibloux;1695
Vuisternens-en-Ogoz;1696
Farvagny;1726
Farvagny-le-Petit;1726
Grenilles;1726
Posat;1726
Corpataux;1727
Magnedens;1727
Rossens FR;1728
Courgevaux;1796
Villarepos;1583
Pensier;1783
Barber�che;1783
Courtepin;1784
Wallenried;1784
Courtaman;1791
Cressier FR;1785
Fr�schels;3284
Galmiz;3285
Gempenach;3215
Greng;3280
Cordast;1792
Guschelmuth;1792
Wallenbuch;3206
Gurmels;3212
Kleingurmels;3212
Liebistorf;3213
Kerzers;3210
Kleinb�singen;3213
Meyriez;3280
Misery;1721
Corm�rod;1721
Courtion;1721
Cournillens;1721
Muntelier;3286
Jeuss;1793
Salvenach;1794
Courlevon;1795
B�chslen;3215
Lurtigen;3215
Murten;3280
Ried b. Kerzers;3216
Agriswil;3216
Ulmiz;3214
Sugiez;1786
M�tier (Vully);1787
Mur (Vully) FR;1787
Praz (Vully);1788
Lugnorre;1789
Alterswil FR;1715
Br�nisried;1719
D�dingen;3186
Giffers;1735
B�singen;3178
Heitenried;1714
Plaffeien;1716
Oberschrot;1716
Schwarzsee;1716
Zumholz;1719
Plasselb;1737
Rechthalten;1718
St. Antoni;1713
St. Silvester;1736
St. Ursen;1717
Schmitten FR;3185
Tafers;1712
Tentlingen;1734
Ueberstorf;3182
Flamatt;3175
W�nnewil;3184
Attalens;1616
Tatroz;1617
Bossonnens;1615
Ch�tel-St-Denis;1618
Les Paccots;1619
Granges (Veveyse);1614
Remaufens;1617
St-Martin FR;1609
Besencens;1609
Fiaug�res;1609
Fiaug�res;1609
Semsales;1623
Progens;1624
Porsel;1699
Porsel;1699
Pont (Veveyse);1699
Bouloz;1699
Le Cr�t-pr�s-Semsales;1611
La Verrerie;1624
Grattavache;1624
Progens;1624
Egerkingen;4622
H�rkingen;4624
Kestenholz;4703
Neuendorf;4623
Niederbuchsiten;4626
Oberbuchsiten;4625
Oensingen;4702
Wolfwil;4628
Aedermannsdorf;4714
Balsthal;4710
G�nsbrunnen;4716
Herbetswil;4715
Holderbank SO;4718
Laupersdorf;4712
Matzendorf;4713
M�mliswil;4717
Ramiswil;4719
Welschenrohr;4716
Biezwil;4585
L�terkofen;4571
Ichertswil;4571
L�terswil;4584
G�chliwil;4584
Messen;3254
Balm b. Messen;3254
Brunnenthal;3307
Oberramsern;4588
Schnottwil;3253
Unterramsern;4588
Nennigkofen;4574
L�sslingen;4574
Tscheppach;4576
Hessigkofen;4577
Bibern SO;4578
Gossliwil;4579
K�ttigkofen;4581
Br�gglen;4582
M�hledorf SO;4583
Aetigkofen;4583
Kyburg-Buchegg;4586
Aetingen;4587
Brittern;4588
B�ttwil;4112
B�ren SO;4413
Dornach;4143
Gempen;4145
Hochwald;4146
Fl�h;4112
Hofstetten SO;4114
Mariastein;4115
Metzerlen;4116
Nuglar;4412
St. Pantaleon;4421
Rodersdorf;4118
Seewen SO;4206
Witterswil;4108
Hauenstein;4633
Kienberg;4468
Lostorf;4654
Niederg�sgen;5013
Oberg�sgen;4653
Rohr b. Olten;4655
St�sslingen;4655
Trimbach;4632
Winznau;4652
Wisen SO;4634
Erlinsbach SO;5015
Aeschi SO;4556
Burg�schi;4556
Steinhof SO;4556
Biberist;4562
Bolken;4556
Deitingen;4543
Derendingen;4552
Etziken;4554
Gerlafingen;4563
Halten;4566
Horriwil;4557
H�niken;4554
Kriegstetten;4566
Lohn-Ammannsegg;4573
Luterbach;4542
Obergerlafingen;4564
Oekingen;4566
Recherswil;4565
Subingen;4553
Zuchwil;4528
Hersiwil;4558
Heinrichswil;4558
Winistorf;4558
Balmberg;4524
Oberbalmberg;4524
Balm b. G�nsberg;4525
Bellach;4512
Bettlach;2544
Feldbrunnen;4532
Flumenthal;4534
Grenchen;2540
G�nsberg;4524
Hubersdorf;4535
Kammersrohr;4535
Langendorf;4513
Lommiswil;4514
Oberdorf SO;4515
Weissenstein b. Solothurn;4515
Niederwil SO;4523
Riedholz;4533
R�ttenen;4522
Selzach;2545
Boningen;4618
D�niken SO;4658
Dulliken;4657
W�schnau;5012
Eppenberg;5012
Fulenbach;4629
Gretzenbach;5014
Gunzgen;4617
H�gendorf;4614
Allerheiligenberg;4615
Kappel SO;4616
Olten;4600
Rickenbach SO;4613
Sch�nenwerd;5012
Starrkirch-Wil;4656
Walterswil SO;5746
Wangen b. Olten;4612
Solothurn;4500
B�rschwil;4252
Beinwil SO;4229
Breitenbach;4226
B�sserach;4227
Erschwil;4228
Fehren;4232
Grindel;4247
Himmelried;4204
Kleinl�tzel;4245
Meltingen;4233
Nunningen;4208
Zullwil;4234
Basel;4001
Basel;4051
Basel;4052
Basel;4052
Basel;4053
Basel;4054
Basel;4055
Basel;4056
Basel;4057
Basel;4058
Basel;4059
Bettingen;4126
Riehen;4125
Aesch BL;4147
Allschwil;4123
Arlesheim;4144
Biel-Benken BL;4105
Bruderholz;4101
Binningen;4102
Birsfelden;4127
Bottmingen;4103
Ettingen;4107
M�nchenstein;4142
Muttenz;4132
Oberwil BL;4104
Pfeffingen;4148
Reinach BL;4153
Sch�nenbuch;4124
Therwil;4106
Blauen;4223
Brislach;4225
Burg im Leimental;4117
Dittingen;4243
Duggingen;4202
Grellingen;4203
Laufen;4242
Liesberg;4253
Liesberg Dorf;4254
Nenzlingen;4224
Roggenburg;2814
R�schenz;4244
Wahlen b. Laufen;4246
Zwingen;4222
Arisdorf;4422
Augst BL;4302
Bubendorf;4416
Frenkendorf;4402
F�llinsdorf;4414
Giebenach;4304
Hersberg;4423
Lausen;4415
Liestal;4410
Lupsingen;4419
Pratteln;4133
Ramlinsburg;4433
Seltisberg;4411
Ziefen;4417
Anwil;4469
B�ckten;4461
Buckten;4446
Buus;4463
Diepflingen;4442
Gelterkinden;4460
H�felfingen;4445
Hemmiken;4465
Itingen;4452
K�nerkinden;4447
Kilchberg BL;4496
L�ufelfingen;4448
Maisprach;4464
Nusshof;4453
Oltingen;4494
Ormalingen;4466
Rickenbach BL;4462
Rothenfluh;4467
R�mlingen;4444
R�nenberg;4497
Sissach;4450
Tecknau;4492
Tenniken;4456
Th�rnen;4441
Wenslingen;4493
Wintersingen;4451
Wittinsburg;4443
Zeglingen;4495
Zunzgen;4455
Arboldswil;4424
Bennwil;4431
Bretzwil;4207
Diegten;4457
Eptingen;4458
H�lstein;4434
Lampenberg;4432
Langenbruck;4438
Lauwil;4426
Liedertswil;4436
Niederdorf;4435
Oberdorf BL;4436
Reigoldswil;4418
Titterten;4425
Waldenburg;4437
G�chlingen;8214
L�hningen;8224
Neunkirch;8213
B�ttenhardt;8236
D�rflingen;8239
Lohn SH;8235
Stetten SH;8234
Opfertshofen SH;8236
Thayngen;8240
Barzheim;8241
Bibern SH;8242
Hofen SH;8242
Altdorf SH;8243
Bargen SH;8233
Beringen;8222
Guntmadingen;8223
Buchberg;8454
Merishausen;8232
Neuhausen am Rheinfall;8212
R�dlingen;8455
Schaffhausen;8200
Schaffhausen;8203
Schaffhausen;8207
Schaffhausen;8208
Hemmental;8231
Beggingen;8228
Schleitheim;8226
Siblingen;8225
Buch SH;8263
Hemishofen;8261
Ramsen;8262
Stein am Rhein;8260
Hallau;8215
Oberhallau;8216
Trasadingen;8219
Wilchingen;8217
Osterfingen;8218
Herisau;9100
Schachen b. Herisau;9112
Hundwil;9064
Sch�nengrund;9105
Schwellbrunn;9103
Stein AR;9063
Urn�sch;9107
Waldstatt;9104
B�hler;9055
Gais;9056
Speicherschwendi;9037
Speicher;9042
Niederteufen;9052
Teufen AR;9053
Lustm�hle;9062
Trogen;9043
Grub AR;9035
Heiden;9410
Wienacht-Tobel;9405
Lutzenberg;9426
Rehetobel;9038
Reute AR;9411
Schachen b. Reute;9411
Wald AR;9044
Walzenhausen;9428
Wolfhalden;9427
Appenzell;9050
Appenzell Meistersr�te;9050
Gonten;9108
Gontenbad;9108
Jakobsbad;9108
Appenzell Eggerstanden;9050
Appenzell Steinegg;9050
Weissbad;9057
Br�lisau;9058
Appenzell Enggenh�tten;9050
Appenzell Schlatt;9050
Haslen AI;9054
Schwende;9057
Wasserauen;9057
Oberegg;9413
Oberegg;9413
B�riswilen;9442
L�mmenschwil;9308
H�ggenschwil;9312
Muolen;9313
St. Gallen;9000
St. Gallen;9008
St. Gallen;9010
St. Gallen;9011
St. Gallen;9012
St. Gallen;9014
St. Gallen;9015
St. Gallen;9016
Wittenbach;9300
Berg SG;9305
Eggersriet;9034
Grub SG;9036
Goldach;9403
M�rschwil;9402
Rorschach;9400
Rorschacherberg;9404
Steinach;9323
T�bach;9327
Untereggen;9033
Au SG;9434
Heerbrugg;9435
Balgach;9436
Reute AR;9411
Berneck;9442
Diepoldsau;9444
Rheineck;9424
St. Margrethen SG;9430
Staad SG;9422
Altenrhein;9423
Thal;9425
Widnau;9443
Altst�tten SG;9450
L�chingen;9450
Hinterforst;9452
Lienz;9464
Eichberg;9453
Marbach SG;9437
Kriessern;9451
Montlingen;9462
Montlingen;9462
Oberriet SG;9463
Rebstein;9445
R�thi (Rheintal);9464
Buchs SG;9470
Gams;9473
Werdenberg;9470
Grabs;9472
Grabserberg;9472
Salez;9465
Sennwald;9466
Fr�msen;9467
Sax;9468
Haag (Rheintal);9469
Sevelen;9475
Weite;9476
Fontnas;9476
Tr�bbach;9477
Azmoos;9478
Oberschan;9479
Malans SG;9479
Gretschins;9479
Bad Ragaz;7310
Flums;8890
Flums Hochwiese;8893
Flumserberg Saxli;8894
Flumserberg Portels;8895
Flumserberg Bergheim;8896
Flumserberg Tannenheim;8897
Flumserberg Tannenbodenalp;8898
Schwendi im Weisstannental;7325
Weisstannen;7326
M�dris-Vermol;8886
Mels;8887
Heiligkreuz (Mels);8888
Plons;8889
Bad Ragaz;7310
Pf�fers;7312
St. Margrethenberg;7313
Vadura;7314
V�ttis;7315
Valens;7317
Vas�n;7317
Murg;8877
Quinten;8878
Unterterzen;8882
Quarten;8883
Oberterzen;8884
Mols;8885
Sargans;7320
Wangs;7323
Vilters;7324
Walenstadt;8880
Walenstadtberg;8881
Tscherlach;8881
Berschis;8892
Amden;8873
Benken SG;8717
Kaltbrunn;8722
Sch�nis;8718
Rufi;8723
Maseltrangen;8723
Ziegelbr�cke;8866
Weesen;8872
Schmerikon;8716
Uznach;8730
Rapperswil SG;8640
Jona;8645
Wagen;8646
Bollingen;8715
Ernetschwil;8725
Gebertingen;8725
Ricken SG;8726
Gommiswald;8737
Uetliburg SG;8738
Rieden SG;8739
Goldingen;8638
Walde SG;8727
Neuhaus SG;8732
Eschenbach SG;8733
Ermenswil;8734
St. Gallenkappel;8735
R�eterswil;8735
Ebnat-Kappel;9642
Alt St. Johann;9656
Unterwasser;9657
Wildhaus;9658
Krummenau;9643
Nesslau;9650
Ennetb�hl;9651
Neu St. Johann;9652
Stein SG;9655
Hemberg;9633
B�chli (Hemberg);9633
Lichtensteig;9620
Necker;9126
Oberhelfenschwil;9621
Hoffeld;9114
Dicken;9115
Mogelsberg;9122
Ebersol;9122
Nassen;9123
Brunnadern;9125
St. Peterzell;9127
Krinau;9622
Wattwil;9630
Ulisbach;9631
Wil SG;9500
Kirchberg SG;9533
Dietschwil;9533
G�hwil;9534
Bazenheid;9602
M�selbach;9602
L�tisburg Station;9601
L�tisburg;9604
Unterrindal;9604
Mosnang;9607
Dreien;9612
M�hlr�ti;9613
Libingen;9614
B�tschwil;9606
Ganterschwil;9608
Dietfurt;9615
Degersheim;9113
Wolfertswil;9116
Flawil;9230
Egg (Flawil);9231
Jonschwil;9243
Rickenbach b. Wil;9532
Schwarzenbach SG;9536
Oberrindal;9604
Niederglatt SG;9240
Oberuzwil;9242
Bichwil;9248
Uzwil;9240
Niederuzwil;9244
Henau;9247
Algetshausen;9249
Niederstetten;9249
Oberstetten;9249
Niederb�ren;9246
Lenggenwil;9525
Zuckenriet;9526
Niederhelfenschwil;9527
Niederwil SG;9203
Oberb�ren;9245
Sonnental;9245
Z�berwangen;9523
Zuzwil SG;9524
Wil SG;9500
Rossr�ti;9512
Bronschhofen;9552
Andwil SG;9204
Abtwil SG;9030
St. Josefen;9030
Engelburg;9032
Gossau SG;9200
Arnegg;9212
Waldkirch;9205
Bernhardzell;9304
Mutten;7431
Obermutten;7431
Valbella;7077
Lenzerheide/Lai;7078
Vaz/Obervaz;7082
Tiefencastel;7450
Lantsch/Lenz;7083
Schmitten (Albula);7493
Berg�n/Bravuogn;7482
Preda;7482
Stugl/Stuls;7482
Latsch;7484
Filisur;7477
Brienz/Brinzauls GR;7084
Tiefencastel;7450
Alvaschein;7451
Mon;7458
Stierva;7459
Surava;7472
Alvaneu Bad;7473
Alvaneu Dorf;7492
Cunter;7452
Tinizong;7453
Rona;7454
Mulegns;7455
Sur;7456
Marmorera;7456
Bivio;7457
Savognin;7460
Salouf;7462
Riom;7463
Riom;7463
Parsonz;7464
Brusio;7743
Campocologno;7744
Viano;7747
Campascio;7748
Ospizio Bernina;7710
Alp Gr�m;7710
S. Carlo (Poschiavo);7741
Poschiavo;7742
Sfaz�;7742
La R�sa;7742
Miralago;7743
Li Curt;7745
Le Prese;7746
Falera;7153
Laax GR;7031
Laax GR 2;7032
Sagogn;7152
Schluein;7151
St. Martin (Lugnez);7116
Vals;7132
Andiast;7159
Waltensburg/Vuorz;7158
Peiden;7110
Camuns;7113
Uors (Lumnezia);7114
Surcasti;7115
Tersnaus;7116
Cumbel;7142
Morissen;7143
Vella;7144
Degen;7145
Vattiz;7146
Vignogn;7147
Lumbrein;7148
Surin;7148
Vrin;7149
Pitasch;7111
Duvin;7112
Castrisch;7126
Sevgein;7127
Riein;7128
Ilanz;7130
Schnaus;7130
Schnaus;7130
Luven;7141
Ruschein;7154
Ladir;7155
Ladir;7155
Rueun;7156
Pigniu;7156
Siat;7157
F�rstenaubruck;7413
F�rstenau;7414
Rothenbrunnen;7405
Scharans;7412
Sils im Domleschg;7411
Cazis;7408
Realta;7408
Summaprada;7421
Tartar;7422
Sarn;7423
Portein;7423
Pr�z;7424
Dalin;7424
Flerden;7426
Flerden;7426
Masein;7425
Thusis;7430
Tschappina;7428
Glaspass;7428
Urmein;7427
Versam;7104
Versam;7104
Arezen;7104
Tenna;7106
Safien Platz;7107
Thalkirch;7109
Valendas;7122
Carrera;7122
Feldis/Veulden;7404
Trans;7407
Rodels;7415
Pratval;7415
Almens;7416
Paspels;7417
Tumegl/Tomils;7418
Scheid;7419
Campsut-Cr�t;7446
Cresta (Avers);7447
Am Bach (Avers);7447
Juf;7448
Hinterrhein;7438
Nufenen;7437
Spl�gen;7435
Medels im Rheinwald;7436
Sufers;7434
Andeer;7440
Clugin;7442
Pignia;7443
Wergenstein;7433
Donat;7433
Farden;7433
Lohn GR;7433
Mathon;7433
Rongellen;7430
Zillis;7432
Ausserferrera;7444
Innerferrera;7445
Innerferrera;7445
Bonaduz;7402
Domat/Ems;7013
Rh�z�ns;7403
Felsberg;7012
Flims Dorf;7017
Flims Waldhaus;7018
Fidaz;7019
Tamins;7015
Trin;7014
Trin Mulin;7016
Brail;7527
Zernez;7530
Susch;7542
Lavin;7543
Samnaun-Compatsch;7562
Samnaun Dorf;7563
Guarda;7545
Ardez;7546
Scuol;7550
Ftan;7551
Vulpera;7552
Tarasp;7553
Sent;7554
Crusch;7554
Ramosch;7556
Ramosch;7556
Vn�;7557
Strada;7558
Tschlin;7559
Martina;7560
Bever;7502
Bever;7502
Celerina/Schlarigna;7505
Madulain;7523
Madulain;7523
Pontresina;7504
La Punt-Chamues-ch;7522
Samedan;7503
St. Moritz;7500
S-chanf;7525
Cinuos-chel;7526
Sils/Segl Maria;7514
Fex;7514
Sils/Segl Baselgia;7515
Plaun da Lej;7517
Champf�r;7512
Silvaplana;7513
Silvaplana-Surlej;7513
Zuoz;7524
Zuoz;7524
Maloja;7516
Casaccia;7602
Vicosoprano;7603
Borgonovo;7604
Stampa;7605
Promontogno;7606
Bondo;7606
Castasegna;7608
Soglio;7610
Buseno;6542
Castaneda;6540
Augio;6547
Rossa;6548
Sta. Maria in Calanca;6541
Lostallo;6558
Mesocco;6563
S. Bernardino;6565
Soazza;6562
Cama;6557
Grono;6537
Verdabbio;6538
Verdabbio;6538
Leggia;6556
Roveredo GR;6535
Laura;6549
S. Vittore;6534
S. Vittore;6534
Arvigo;6543
Braggio;6544
Selma;6545
Cauco;6546
Tschierv;7532
Fuldera;7533
L�;7534
Valchava;7535
Sta. Maria Val M�stair;7536
M�stair;7537
Davos Dorf;7260
Davos Wolfgang;7265
Davos Platz;7270
Davos Clavadel;7272
Davos Frauenkirch;7276
Davos Glaris;7277
Davos Monstein;7278
Davos Wiesen;7494
Fideris;7235
Furna;7232
Pragg-Jenaz;7231
Jenaz;7233
Saas im Pr�ttigau;7247
Serneus;7249
Klosters;7250
Klosters Dorf;7252
Conters im Pr�ttigau;7241
K�blis;7240
Buchen im Pr�ttigau;7223
Putz;7224
Luzein;7242
Pany;7243
Gadenst�tt;7244
Ascharina;7245
St. Ant�nien;7246
Chur;7000
Passugg;7062
Malix;7074
Churwalden;7075
Parpan;7076
Castiel;7027
L�en;7027
Calfreisen;7027
St. Peter;7028
Pagig;7028
Peist;7029
Arosa;7050
Molinis;7056
Langwies;7057
Litzir�ti;7058
Maladers;7026
Praden;7063
Tschiertschen;7064
Haldenstein;7023
Says;7202
Trimmis;7203
Untervaz;7204
Zizers;7205
Fl�sch;7306
Jenins;7307
Maienfeld;7304
Malans GR;7208
Igis;7206
Landquart;7302
Mastrils;7303
Valzeina;7213
Gr�sch;7214
Fanas;7215
Schiers;7220
Schiers;7220
Lunden;7222
Stels;7226
Stels;7226
Fajauna;7226
Schuders;7228
Pusserein;7228
Seewis Dorf;7212
Seewis-Pardisla;7212
Seewis-Schmitten;7212
Tavanasa;7162
Danis;7163
Dardin;7164
Breil/Brigels;7165
Disentis/Must�r;7180
Cavardiras;7182
Mump� Medel;7183
Segnas;7186
Curaglia;7184
Platta;7185
Rabius;7172
Surrein;7173
S. Benedetg;7174
Sumvitg;7175
Cumpadials;7176
Camischolas;7187
Sedrun;7188
Rueras;7189
Trun;7166
Zignau;7167
Schlans;7168
Obersaxen;7134
Flond;7137
Surcuolm;7138
Aarau;5000
Aarau;5004
Aarau Rohr;5032
Biberstein;5023
Buchs AG;5033
Asp;5025
Densb�ren;5026
Barmelweid;5017
Erlinsbach;5018
Gr�nichen;5722
Hirschthal;5042
Rombach;5022
K�ttigen;5024
Muhen;5037
Oberentfelden;5036
Suhr;5034
Unterentfelden;5035
Baden;5400
Baden;5404
D�ttwil AG;5405
R�tihof;5406
Bellikon;5454
Bergdietikon;8962
Birmenstorf AG;5413
Ennetbaden;5408
Fislisbach;5442
Freienwil;5423
Gebenstorf;5412
Vogelsang AG;5412
Killwangen;8956
K�nten;5444
M�genwil;5506
Mellingen;5507
Neuenhof;5432
Niederrohrdorf;5443
Oberrohrdorf;5452
Nussbaumen AG;5415
Hertenstein AG;5415
Rieden AG;5415
Kirchdorf AG;5416
Remetschwil;5453
Spreitenbach;8957
Stetten AG;5608
Turgi;5300
Siggenthal Station;5301
Untersiggenthal;5417
Wettingen;5430
Wohlenschwil;5512
W�renlingen;5303
W�renlos;5436
Kloster Fahr;8109
Ehrendingen;5420
Arni AG;8905
Berikon;8965
Bremgarten AG;5620
Hermetschwil-Staffeln;5626
B�ttikon AG;5619
Dottikon;5605
Eggenwil;5445
Fischbach-G�slikon;5525
H�gglingen;5607
Jonen;8916
Niederwil AG;5524
Nesselnbach;5524
Oberlunkhofen;8917
Oberwil-Lieli;8966
Rudolfstetten;8964
Sarmenstorf;5614
T�gerig;5522
Uezwil;5619
Unterlunkhofen;8918
Villmergen;5612
Hilfikon;5613
Widen;8967
Wohlen AG;5610
Anglikon;5611
Zufikon;5621
Islisberg;8905
Auenstein;5105
Birr;5242
Birrhard;5244
B�zen;5076
Brugg AG;5200
Umiken;5222
Effingen;5078
Elfingen;5077
Habsburg;5245
Hausen AG;5212
Lupfig;5242
Mandach;5318
M�nthal;5237
M�lligen;5243
Remigen;5236
Riniken;5223
R�fenach AG;5235
Scherz;5246
Schinznach Bad;5116
Thalheim AG;5112
Veltheim AG;5106
Stilli;5233
Villigen;5234
Villnachern;5213
Windisch;5210
B�zberg;5225
Schinznach Dorf;5107
Oberflachs;5108
Beinwil am See;5712
Birrwil;5708
Burg AG;5736
D�rren�sch;5724
Gontenschwil;5728
Holziken;5043
Leimbach AG;5733
Leutwil;5725
Menziken;5737
Oberkulm;5727
Reinach AG;5734
Schlossrued;5044
Schmiedrued;5046
Walde AG;5046
Sch�ftland;5040
Teufenthal AG;5723
Unterkulm;5726
Zetzwil;5732
Eiken;5074
Frick;5070
Gansingen;5272
Gipf-Oberfrick;5073
Herznach;5027
Hornussen;5075
Kaisten;5082
Ittenthal;5083
Laufenburg;5080
Rheinsulz;5084
Sulz AG;5085
M�nchwilen AG;4333
Oberhof;5062
Oeschgen;5072
Schwaderloch;5326
Sisseln AG;4334
Ueken;5028
Wittnau;5064
W�lflinswil;5063
Zeihen;5079
Oberhofen AG;5273
Mettau;5274
Etzgen;5275
Wil AG;5276
Hottwil;5277
Ammerswil AG;5600
Boniswil;5706
Brunegg;5505
Dintikon;5606
Egliswil;5704
Fahrwangen;5615
Hallwil;5705
Hendschiken;5604
Holderbank AG;5113
Hunzenschwil;5502
Lenzburg;5600
Meisterschwanden;5616
Tennwil;5617
Wildegg;5103
M�riken AG;5103
Niederlenz;5702
Othmarsingen;5504
Rupperswil;5102
Schafisheim;5503
Seengen;5707
Seon;5703
Staufen;5603
Abtwil AG;5646
Aristau;5628
Auw;5644
Beinwil (Freiamt);5637
Besenb�ren;5627
Bettwil;5618
Boswil;5623
B�nzen;5624
Waldh�usern AG;5624
Buttwil;5632
Dietwil;6042
Geltwil;5637
Kallern;5625
Merenschwand;5634
Benzenschwil;5636
M�hlau;5642
Muri AG;5630
Oberr�ti;5647
Rottenschwil;8919
Sins;5643
Sins;5643
Alikon;5643
Meienberg;5643
Aettenschwil;5645
Fenkrieden;5645
Waltenschwil;5622
Hellikon;4316
Kaiseraugst;4303
Magden;4312
M�hlin;4313
Mumpf;4322
Obermumpf;4324
Olsberg;4305
Rheinfelden;4310
Schupfart;4325
Stein AG;4332
Wallbach;4323
Wegenstetten;4317
Zeiningen;4314
Zuzgen;4315
Aarburg;4663
Attelwil;5056
Bottenwil;4814
Brittnau;4805
Kirchleerau;5054
K�lliken;5742
Moosleerau;5054
Murgenthal;4853
Murgenthal;4853
Riken AG;4853
Glash�tten;4856
Oftringen;4665
Reitnau;5057
Rothrist;4852
Safenwil;5745
Staffelbach;5053
Wittwil;5053
Strengelbach;4802
Uerkheim;4813
Vordemwald;4803
Wiliberg;5058
Zofingen;4800
M�hlethal;4812
Baldingen;5333
B�bikon;5334
Kleind�ttingen;5314
B�ttstein;5315
D�ttingen;5312
Endingen;5304
Unterendingen;5305
Fisibach;5467
Full-Reuenthal;5324
Kaiserstuhl AG;5466
Klingnau;5313
Koblenz;5322
Leibstadt;5325
Lengnau AG;5426
Leuggern;5316
Hettenschwil;5317
Mellikon;5465
Rekingen AG;5332
Rietheim;5323
R�mikon AG;5464
Schneisingen;5425
Siglistorf;5462
Tegerfelden;5306
Wislikofen;5463
Bad Zurzach;5330
Arbon;9320
Frasnacht;9320
Stachen;9320
Dozwil;8582
Steinebrunn;9314
Neukirch (Egnach);9315
Winden;9315
Egnach;9322
Hefenhofen;8580
Horn;9326
Kesswil;8593
Freidorf TG;9306
Roggwil TG;9325
Romanshorn;8590
Salmsach;8599
Sommeri;8580
Uttwil;8592
Amriswil;8580
Hagenwil b. Amriswil;8580
Biessenhofen;8580
Schocherswil;8581
Oberaach;8587
Bischofszell;9220
Schweizersholz;9223
Halden;9223
Erlen;8586
K�mmertshausen;8586
Riedt b. Erlen;8586
Buchackern;8586
Engishofen;8586
Ennetaach;8586
Hauptwil;9213
Wilen (Gottshaus);9225
St. Pelagiberg;9225
Heldswil;9216
Hohentannen;9216
Kradolf;9214
Sch�nenberg an der Thur;9215
Buhwil;9215
Neukirch an der Thur;9217
Sulgen;8583
G�tighofen;8583
Donzhausen;8583
Zihlschlacht;8588
Sitterdorf;8589
Basadingen;8254
Schlattingen;8255
Diessenhofen;8253
Willisdorf;8253
Schlatt TG;8252
Aadorf;8355
Ettenhausen TG;8356
Guntershausen b. Aadorf;8357
H�uslenen;8522
Aawangen;8522
Wittenwil;9547
Felben-Wellhausen;8552
Frauenfeld;8500
Gerlikon;8500
Islikon;8546
Kefikon TG;8546
Gachnang;8547
Harenwilen;8553
Mettendorf TG;8553
H�ttlingen;8553
Eschikofen;8553
Matzingen;9548
Niederneunforn;8525
Wilen b. Neunforn;8525
Oberneunforn;8526
Stettfurt;9507
Thundorf;8512
Lustdorf;8512
Wetzikon TG;8512
Uesslingen;8524
Buch b. Frauenfeld;8524
Warth;8532
Weiningen TG;8532
Altnau;8595
Bottighofen;8598
Ermatingen;8272
Triboltingen;8273
Gottlieben;8274
G�ttingen;8594
Hugelshofen;8565
Neuwilen;8566
Dotnacht;8566
Ellighausen;8566
Lippoldswilen;8566
Siegershausen;8573
Alterswilen;8573
Altishausen;8573
Kreuzlingen;8280
Langrickenbach;8585
Zuben;8585
Sch�nenbaumgarten;8585
Herrenhof;8585
Illighausen;8574
Oberhofen TG;8574
Lengwil;8574
Lengwil;8574
Dettighofen (Lengwil);8574
Scherzingen;8596
M�nsterlingen;8596
Landschlacht;8597
T�gerwilen;8274
Hefenhausen;8564
Engwilen;8564
Sonterswil;8564
W�ldi;8564
Lipperswil;8564
Hattenhausen;8564
Gunterswilen;8564
Affeltrangen;9556
Zezikon;9556
M�rwil;9562
Buch b. M�rwil;9562
Bettwiesen;9553
Balterswil;8362
Bichelsee;8363
Braunau;9502
Eschlikon TG;8360
Wallenwil;8360
Dussnang;8374
Oberwangen TG;8374
Fischingen;8376
Au TG;8376
Lommis;9506
Weingarten-Kalth�usern;9508
M�nchwilen TG;9542
St. Margarethen TG;9543
Rickenbach b. Wil;9532
Sch�nholzerswilen;8577
Sirnach;8370
Busswil TG;8371
Wiezikon b. Sirnach;8372
Littenheid;9573
T�gerschen;9554
Tobel;9555
W�ngi;9545
Tuttwil;9546
Wilen b. Wil;9535
Wuppenau;9514
Hosenruck;9515
Berlingen;8267
Eschenz;8264
Lanzenneunforn;8506
Herdern;8535
H�rhausen;8507
Homburg;8508
H�ttwilen;8536
Nussbaumen TG;8537
Uerschhausen;8537
Mammern;8265
M�llheim Dorf;8555
Pfyn;8505
Dettighofen;8505
Raperswilen;8558
Mannenbach-Salenstein;8268
Salenstein;8268
Fruthwilen;8269
Steckborn;8266
Kaltenbach;8259
Etzwilen;8259
Rheinklingen;8259
Wagenhausen;8259
Amlikon-Bissegg;8514
Berg TG;8572
Berg TG;8572
Andhausen;8572
Graltshausen;8572
Guntershausen b. Berg;8572
Mauren TG;8576
Mattwil;8585
Happerswil;8585
Birwinken;8585
Klarsreuti;8585
Andwil TG;8586
Buch b. K�mmertshausen;8586
B�rglen TG;8575
Istighofen;8575
Leimbach TG;8584
Opfershofen TG;8584
Stehrenberg;9503
Lanterswil;9503
Friltschen;9504
Mettlen;9517
Bussnang;9565
Oberbussnang;9565
Oppikon;9565
Schmidshof;9565
Rothenhausen;9565
M�rstetten;8560
Ottoberg;8561
Weinfelden;8570
M�llheim-Wigoltingen;8554
Bonau;8554
Wigoltingen;8556
Engwang;8556
Illhart;8556
Lamperswil TG;8556
Wagerswil;8564
Arbedo;6517
Castione;6532
Bellinzona;6500
Bellinzona;6503
Cadenazzo;6593
Robasacco;6599
Camorino;6528
Giubiasco;6512
Gnosca;6525
Gorduno;6518
Gudo;6515
Isone;6810
Lumino;6533
Moleno;6524
Monte Carasso;6513
Pianezzo;6582
Preonzo;6523
S. Antonino;6592
S. Antonio (Val Morobbia);6583
Carena;6584
Sementina;6514
Dongio;6715
Acquarossa;6716
Leontica;6716
Lottigna;6716
Motto (Blenio);6721
Corzoneso;6722
Prugiasco;6723
Castro;6723
Marolta;6723
Ponto Valentino;6724
Largario;6724
Dangio;6717
Torre;6717
Olivone;6718
Camperio;6718
Aquila;6719
Aquila;6719
Aquila;6719
Campo (Blenio);6720
Ghirone;6720
Malvaglia;6713
Semione;6714
Ludiano;6721
Airolo;6780
Madrano;6780
Villa Bedretto;6781
Bedretto;6781
Bodio TI;6743
Dalpe;6774
Lavorgo;6746
Calonico;6746
Nivo;6746
Chironico;6747
Anzonico;6748
Sobrio;6749
Cavagnago;6749
Faido;6760
Molare;6760
Calpiogna;6760
Campello;6760
Car�;6760
Rossura;6760
Osco;6763
Mairengo;6763
Chiggiogna;6764
Chiggiogna;6764
Giornico;6745
Personico;6744
Pollegio;6742
Rodi-Fiesso;6772
Prato (Leventina);6773
Ambr�;6775
Piotta;6776
Quinto;6777
Varenzo;6777
Ascona;6612
Brione (Verzasca);6634
Brione sopra Minusio;6645
Brissago;6614
Isole di Brissago;6614
Corippo;6631
Frasco;6636
Gordola;6596
Riazzino;6595
Lavertezzo;6633
Locarno;6600
Locarno;6600
Solduno;6600
Locarno;6605
Losone;6616
Arcegno;6618
Mergoscia;6647
Minusio;6648
Muralto;6600
Orselina;6644
Porto Ronco;6613
Ronco sopra Ascona;6622
Sonogno;6637
Tenero;6598
Contra;6646
Vogorno;6632
Mosogno;6611
Gresso;6611
Crana;6611
Loco;6661
Auressio;6661
Berzona;6661
Russo;6662
Comologno;6663
Spruga;6663
Vergeletto;6664
Cugnasco;6516
Agarone;6597
Gerra (Verzasca);6635
Agno;6982
Cassina d'Agno;6990
Aranno;6994
Arogno;6822
Pugerna;6823
Astano;6999
Bedano;6930
Bedigliora;6981
Bedigliora;6981
Banco;6981
Bioggio;6934
Bosco Luganese;6935
Cimo;6992
Iseo;6993
Bissone;6816
Brusino Arsizio;6827
Serpiano;6867
Cademario;6936
Cadempino;6814
Canobbio;6952
Caslano;6987
Comano;6949
Castelrotto;6980
Biogno-Beride;6981
Purasca;6989
Madonna del Piano;6995
Cureglia;6944
Bombinasco;6981
Curio;6986
Grancia;6916
Gravesano;6929
Lamone;6814
Lugano;6900
Pazzallo;6912
Carabbia;6913
Carona;6914
Pambio-Noranco;6915
Barbengo;6917
Figino;6918
Breganzona;6932
Insone;6951
Scareglia;6951
Colla;6951
Bogno;6951
Cozzo;6951
Sign�ra;6951
Maglio di Colla;6959
Certara;6959
Curtina;6959
Cimadera;6959
Piandera Paese;6959
Piandera Paese;6959
Viganello;6962
Pregassona;6963
Cureggia;6963
Davesco-Soragno;6964
Cadro;6965
Villa Luganese;6966
Dino;6967
Sonvico;6968
Aldesago;6974
Castagnola;6976
Ruvigliana;6977
Gandria;6978
Br� sopra Lugano;6979
Magliaso;6983
Manno;6928
Maroggia;6817
Massagno;6900
Melano;6818
Melide;6815
Mezzovico;6805
Mezzovico;6805
Miglieglia;6986
Molinazzo di Monteggio;6995
Ponte Cremenaga;6996
Termine;6998
Morcote;6922
Muzzano;6933
Neggio;6991
Novaggio;6986
Origlio;6945
Paradiso;6900
Ponte Capriasca;6946
Ponte Capriasca;6946
Ponte Tresa;6988
Porza;6948
Pura;6984
Rovio;6821
Capolago;6825
Savosa;6942
Sessa;6997
Sorengo;6924
Taverne;6807
Vaglio;6947
Tesserete;6950
Lugaggia;6953
Sala Capriasca;6954
Bigorio;6954
Cagiallo;6955
Oggio;6955
Oggio;6955
Lopagno;6956
Roveredo TI;6957
Bidogno;6958
Corticiasca;6958
Corticiasca;6958
Odogno;6960
Taverne;6807
Torricella;6808
Vernate;6992
Vezia;6943
Vico Morcote;6921
Carabietta;6919
Gentilino;6925
Montagnola;6926
Agra;6927
Breno;6937
Vezio;6938
Fescoggia;6938
Mugena;6939
Arosio;6939
Rivera;6802
Camignolo;6803
Bironico;6804
Sigirino;6806
Medeglia;6809
Balerna;6828
Corteglia;6873
Castel San Pietro;6874
Monte;6875
Casima;6875
Campora;6875
Chiasso;6830
Pedrinate;6832
Seseglio;6832
Coldrerio;6877
Capolago;6825
Mendrisio;6850
Genestrerio;6852
Ligornetto;6853
Rancate;6862
Besazio;6863
Arzo;6864
Tremona;6865
Meride;6866
Salorino;6872
Somazzo;6872
Morbio Inferiore;6834
Novazzano;6883
Riva San Vitale;6826
S. Pietro;6854
Stabio;6855
Vacallo;6833
Morbio Superiore;6835
Caneggio;6837
Bruzella;6837
Muggio;6838
Cabbio;6838
Scudellate;6838
Sagno;6839
Biasca;6710
Claro;6702
Cresciano;6705
Iragna;6707
Prosito;6526
Lodrino;6527
Osogna;6703
Bosco/Gurin;6685
Niva (Vallemaggia);6683
Campo (Vallemaggia);6684
Cimalmotto;6684
Cerentino;6683
Cevio;6675
Bignasco;6676
Cavergno;6690
S. Carlo (Val Bavona);6690
Linescio;6682
Maggia;6673
Someo;6674
Riveo;6674
Aurigeno;6677
Moghegno;6677
Giumaglio;6678
Lodano;6678
Coglio;6678
Menzonio;6692
Brontallo;6692
Broglio;6693
Prato-Sornico;6694
Peccia;6695
Piano di Peccia;6695
Fusio;6696
Avegno;6670
Gordevio;6672
Medeglia;6809
Tegna;6652
Verscio;6653
Cavigliano;6654
Intragna;6655
Verdasio;6655
Rasa;6655
Golino;6656
Palagnedra;6657
Borgnone;6658
Camedo;6659
Moneto;6659
Indemini;6571
Quartino;6572
Magadino;6573
Vira (Gambarogno);6574
S. Nazzaro;6575
Vairano;6575
Gerra (Gambarogno);6576
Ranzo;6577
Caviano;6578
Piazzogna;6579
Contone;6594
Aigle;1860
Bex;1880
Freni�res-sur-Bex;1880
Fenalet-sur-Bex;1880
Les Plans-sur-Bex;1880
Les Posses-sur-Bex;1880
Chessel;1846
Corbeyrier;1856
Gryon;1882
Lavey-Village;1892
Lavey-les-Bains;1892
Morcles;1892
Leysin;1854
Noville;1845
Ollon VD;1867
St-Triphon;1867
Panex;1867
Villars-sur-Ollon;1884
Arveyes;1884
Hu�moz;1884
Chesi�res;1885
Les Mosses;1862
La Comballaz;1862
Le S�pey;1863
La Forclaz VD;1866
Vers-l'Eglise;1864
Les Diablerets;1865
Rennaz;1847
Roche VD;1852
Villeneuve VD;1844
Yvorne;1853
Apples;1143
Aubonne;1170
Pizy;1174
Ballens;1144
Berolle;1149
Bi�re;1145
Bougy-Villars;1172
F�chy;1173
Gimel;1188
Longirod;1261
Marchissy;1261
Mollens VD;1146
Montherod;1174
St-George;1188
St-Livres;1176
St-Oyens;1187
Saubraz;1189
Avenches;1580
Oleyres;1580
Donatyre;1580
Cudrefin;1588
Faoug;1595
Villars-le-Grand;1584
Salavaux;1585
Bellerive VD;1585
Cotterd;1585
Vallamand;1586
Montmagny;1587
Constantine;1587
Chabrey;1589
Mur (Vully) VD;1787
Bettens;1042
Bournens;1035
Boussens;1034
La Chaux (Cossonay);1308
Chavannes-le-Veyron;1148
Chevilly;1316
Cossonay-Ville;1304
Allens;1304
Cottens VD;1116
Cuarnens;1148
Daillens;1306
Dizy;1304
Ecl�pens;1312
Ferreyres;1313
Gollion;1124
Grancy;1117
L'Isle;1148
Villars-Bozon;1148
La Coudre;1148
Lussery-Villars;1307
Mauraz;1148
Mex VD;1031
Moiry VD;1148
Mont-la-Ville;1148
Montricher;1147
Orny;1317
Pampigny;1142
Penthalaz;1305
Penthaz;1303
Pompaples;1318
La Sarraz;1315
Senarclens;1304
S�very;1141
Sullens;1036
Vufflens-la-Ville;1302
Assens;1042
Bercher;1038
Bioley-Orjulaz;1042
Bottens;1041
Bretigny-sur-Morrens;1053
Cugy VD;1053
Echallens;1040
Essertines-sur-Yverdon;1417
Epautheyres;1417
Etagni�res;1037
Fey;1044
Froideville;1055
Morrens VD;1054
Oulens-sous-Echallens;1377
Pailly;1416
Penth�r�az;1375
Poliez-Pittet;1041
Rueyres;1046
St-Barth�lemy VD;1040
Villars-le-Terroir;1040
Vuarrens;1418
Dommartin;1041
Naz;1041
Poliez-le-Grand;1041
Sugnens;1043
Goumoens-la-Ville;1376
Eclagnens;1376
Goumoens-le-Jux;1376
Bonvillars;1427
Les Rasses;1452
Bullet;1453
Champagne;1424
Concise;1426
Corcelles-pr�s-Concise;1426
Fiez;1420
Fontaines-sur-Grandson;1421
Giez;1429
Grandevent;1421
Grandson;1422
Mauborget;1453
Mutrux;1428
Novalles;1431
Onnens VD;1425
Provence;1428
Ste-Croix;1450
La Sagne (Ste-Croix);1450
Le Ch�teau-de-Ste-Croix;1450
L'Auberson;1454
La Vraconnaz;1454
Villars-Burquin;1423
Fontanezier;1423
Romairon;1423
Vaugondry;1423
Belmont-sur-Lausanne;1092
Cheseaux-sur-Lausanne;1033
Crissier;1023
Epalinges;1066
Jouxtens-M�zery;1008
Lausanne 25;1000
Lausanne 26;1000
Lausanne 27;1000
Lausanne;1003
Lausanne;1004
Lausanne;1005
Lausanne;1006
Lausanne;1007
Lausanne;1010
Lausanne;1011
Lausanne;1012
Lausanne;1015
Lausanne;1018
Le Mont-sur-Lausanne;1052
Paudex;1094
Prilly;1008
Pully;1009
Les Monts-de-Pully;1068
Renens VD;1020
Romanel-sur-Lausanne;1032
Chexbres;1071
Forel (Lavaux);1072
La Croix (Lutry);1090
La Conversion;1093
Lutry;1095
Puidoux;1070
Rivaz;1071
St-Saphorin (Lavaux);1071
Savigny;1073
Mollie-Margot;1073
Grandvaux;1091
Aran;1091
Chenaux;1091
Cully;1096
Villette (Lavaux);1096
Riex;1097
Epesses;1098
Aclens;1123
Bremblens;1121
Buchillon;1164
Bussigny;1030
Bussy-Chardonney;1136
Chavannes-pr�s-Renens;1022
Chigny;1134
Clarmont;1127
Denens;1135
Denges;1026
Echandens;1026
Echichens;1112
St-Saphorin-sur-Morges;1113
Colombier VD;1114
Monnaz;1125
Ecublens VD;1024
Etoy;1163
Lavigny;1175
Lonay;1027
Lully VD;1132
Lussy-sur-Morges;1167
Morges;1110
Pr�verenges;1028
Reverolle;1128
Romanel-sur-Morges;1122
St-Prex;1162
St-Sulpice VD;1025
Tolochenaz;1131
Vaux-sur-Morges;1126
Villars-Ste-Croix;1029
Villars-sous-Yens;1168
Vufflens-le-Ch�teau;1134
Vullierens;1115
Yens;1169
Boulens;1063
Bussy-sur-Moudon;1514
Chavannes-sur-Moudon;1512
Curtilles;1521
Dompierre VD;1682
Hermenches;1513
Lovatens;1682
Lucens;1522
Oulens-sur-Lucens;1522
Forel-sur-Lucens;1526
Cremin;1526
Brenles;1683
Chesalles-sur-Moudon;1683
Sarzens;1683
Moudon;1510
Ogens;1045
Pr�vonloup;1682
Rossenges;1513
Syens;1510
Villars-le-Comte;1515
Vucherens;1509
Chapelle-sur-Moudon;1063
Martherenges;1063
Peyres-Possens;1063
Chan�az;1409
Thierrens;1410
Correvon;1410
Denezy;1410
St-Cierges;1410
Neyruz-sur-Moudon;1515
Arnex-sur-Nyon;1277
Arzier-Le Muids;1273
Bassins;1269
Begnins;1268
Bogis-Bossey;1279
Borex;1277
Chavannes-de-Bogis;1279
Chavannes-des-Bois;1290
Ch�serex;1275
Coinsins;1267
Commugny;1291
Coppet;1296
Crans-pr�s-C�ligny;1299
Crassier;1263
Duillier;1266
Eysins;1262
Founex;1297
Genolier;1272
Gingins;1276
Givrins;1271
Gland;1196
Grens;1274
Mies;1295
Nyon;1260
Prangins;1197
La Rippe;1278
St-Cergue;1264
La Cure;1265
Signy;1274
Tannay;1295
Tr�lex;1270
Le Vaud;1261
Vich;1267
L'Abergement;1355
Agiez;1352
Arnex-sur-Orbe;1321
Ballaigues;1338
Baulmes;1446
Bavois;1372
Bofflens;1353
Bretonni�res;1329
Chavornay;1373
Corcelles-sur-Chavornay;1374
Essert-Pittet;1435
Les Cl�es;1356
La Russille;1356
Croy;1322
Juriens;1326
Lignerolle;1357
Montcherand;1354
Orbe;1350
La Praz;1148
Premier;1324
Rances;1439
Romainm�tier;1323
Sergey;1355
Valeyres-sous-Rances;1358
Vallorbe;1337
Vaulion;1325
Vuiteboeuf;1445
Corcelles-le-Jorat;1082
Essertes;1078
Maracon;1613
Montpreveyres;1081
Ropraz;1088
Servion;1077
Les Cullayes;1080
Vulliens;1085
Montaubion-Chardonney;1041
Villars-Tiercelin;1058
Peney-le-Jorat;1059
Villars-Mendraz;1061
Sottens;1062
Pal�zieux;1607
Pal�zieux-Village;1607
Les Tavernes;1607
Les Thioleyres;1607
Oron-le-Ch�tel;1608
Bussigny-sur-Oron;1608
Chesalles-sur-Oron;1608
Oron-la-Ville;1610
Ch�tillens;1610
Vuibroye;1610
Ecoteaux;1612
Ferlens VD;1076
M�zi�res VD;1083
Carrouge VD;1084
Champtauroz;1537
Chevroux;1545
Corcelles-pr�s-Payerne;1562
Grandcour;1543
Henniez;1525
Missy;1565
Payerne;1530
Vers-chez-Perrin;1551
Trey;1552
Treytorrens (Payerne);1538
S�deilles;1554
Rossens VD;1554
Villarzel;1555
Granges-pr�s-Marnand;1523
Marnand;1524
Seigneux;1525
Sassel;1534
Combremont-le-Grand;1535
Combremont-le-Petit;1536
Villars-Bramard;1682
Cerniaz VD;1682
Ch�teau-d'Oex;1660
Les Moulins;1660
L'Etivaz;1660
La L�cherette;1660
Rossini�re;1658
La Tine;1658
Rougemont;1659
Flendruz;1659
Allaman;1165
Bursinel;1195
Bursins;1183
Burtigny;1268
Dully;1195
Essertines-sur-Rolle;1186
Gilly;1182
Luins;1184
Mont-sur-Rolle;1185
Perroy;1166
Rolle;1180
Tartegnin;1180
Vinzel;1184
Le Pont;1342
L'Abbaye;1344
Les Bioux;1346
Orient;1341
Le Sentier;1347
Le Solliat;1347
Le Brassus;1348
Les Charbonni�res;1343
Le Lieu;1345
Le S�chey;1345
Blonay;1807
Le Mont-P�lerin;1801
Chardonne;1803
Corseaux;1802
Corsier-sur-Vevey;1804
Les Monts-de-Corsier;1808
Fenil-sur-Corsier;1809
Jongny;1805
Clarens;1815
Chailly-Montreux;1816
Brent;1817
Montreux;1820
Territet;1820
Chernex;1822
Glion;1823
Caux;1824
Chamby;1832
Villard-sur-Chamby;1832
Les Avants;1833
St-L�gier-La Chi�saz;1806
La Tour-de-Peilz;1814
Vevey;1800
Veytaux;1820
Belmont-sur-Yverdon;1432
Bioley-Magnoux;1407
Chamblon;1436
Champvent;1443
Essert-sous-Champvent;1443
Villars-sous-Champvent;1443
Chavannes-le-Ch�ne;1464
Ch�ne-P�quier;1464
Cheseaux-Nor�az;1400
Cronay;1406
Cuarny;1404
D�moret;1415
Donneloye;1407
Gossens;1407
M�zery-pr�s-Donneloye;1407
Prahins;1408
Ependes VD;1434
Mathod;1438
Molondin;1415
Montagny-pr�s-Yverdon;1442
Oppens;1047
Orges;1430
Orzens;1413
Pomy;1405
Rovray;1463
Suchy;1433
Susc�vaz;1437
Treycovagnes;1436
Ursins;1412
Valeyres-sous-Montagny;1441
Valeyres-sous-Ursins;1412
Villars-Epeney;1404
Vugelles-La Mothe;1431
Yverdon-les-Bains;1400
Gressy;1432
Yvonand;1462
Brig;3900
Gamsen;3900
Brigerbad;3900
Glis;3902
Eggerberg;3939
Mund;3903
Birgisch;3903
Naters;3904
Blatten b. Naters;3914
Belalp;3914
Rothwald;3901
Ried-Brig;3911
Simplon Dorf;3907
Gabi (Simplon);3907
Termen;3912
Rosswald;3913
Gondo;3907
Ardon;1957
Mayens-de-Chamoson;1911
Chamoson;1955
Les V�rines (Chamoson);1955
N�miaz (Chamoson);1955
Grugnay (Chamoson);1955
St-Pierre-de-Clages;1955
Conthey;1964
St-S�verin;1975
Erde;1976
Aven;1976
Daillon;1976
Cl�bes (Nendaz);1993
Aproz (Nendaz);1994
Basse-Nendaz;1996
Fey (Nendaz);1996
Bieudron (Nendaz);1996
Cond�mines (Nendaz);1996
Saclentse;1996
Baar (Nendaz);1996
Beuson (Nendaz);1996
Brignon (Nendaz);1996
Haute-Nendaz;1997
Siviez (Nendaz);1997
Sornard (Nendaz);1997
V�troz;1963
Le Ch�ble VS;1934
Bruson;1934
Verbier;1936
Verseg�res;1947
Champsec;1947
Lourtier;1948
Fionnay;1948
Sarreyer;1948
Bourg-St-Pierre;1946
Liddes;1945
Fontaine Dessus (Liddes);1945
Fontaine Dessous (Liddes);1945
Dranse (Liddes);1945
Chandonne (Liddes);1945
Rive Haute (Liddes);1945
Fornex (Liddes);1945
Les Moulins VS (Liddes);1945
Vich�res (Liddes);1945
Palasuit (Liddes);1945
Chez Petit (Liddes);1945
Petit Vich�res (Liddes);1945
Orsi�res;1937
Champex-Lac;1938
Praz-de-Fort;1943
La Fouly VS;1944
Sembrancher;1933
Chamoille (Sembrancher);1933
La Garde (Sembrancher);1933
Chemin;1927
Vens (Sembrancher);1933
Voll�ges;1941
Cries (Voll�ges);1941
Levron;1942
Fiesch;3984
Bellwald;3997
Binn;3996
Ernen;3995
Ausserbinn;3995
M�hlebach (Goms);3995
M�hlebach (Goms);3995
Steinhaus;3995
Steinhaus;3995
Fiesch;3984
Jungfraujoch;3801
Fieschertal;3984
Lax;3994
Ulrichen;3988
Obergesteln;3988
Oberwald;3999
M�nster VS;3985
Geschinen;3985
Biel VS;3989
Ritzingen;3989
Selkingen;3989
Niederwald;3989
Blitzingen;3989
Reckingen VS;3998
Gluringen;3998
Fortunau (Ayent);1966
Luc (Ayent);1966
St-Romain (Ayent);1966
Saxonne (Ayent);1966
Villa (Ayent);1966
La Place (Ayent);1966
Botyre (Ayent);1966
Blignou (Ayent);1966
Argnou (Ayent);1966
Sign�se (Ayent);1966
Anz�re;1972
Evol�ne;1983
Lanna;1983
Les Haud�res;1984
La Tour VS;1984
La Sage;1985
La Forclaz VS;1985
Villa (Evol�ne);1985
Arolla;1986
Euseigne;1982
H�r�mence;1987
St-Martin VS;1969
Liez (St-Martin);1969
Trogne (St-Martin);1969
Suen (St-Martin);1969
Eison (St-Martin);1969
Vex;1981
Thyon;1988
Les Collons;1988
Vernami�ge;1961
Mase;1968
Nax;1973
Agarn;3951
Albinen;3955
Ergisch;3947
Inden;3953
Susten;3952
Leuk Stadt;3953
Erschmatt;3957
Leukerbad;3954
Oberems;3948
Salgesch;3970
Varen;3953
Guttet-Feschel;3956
Gampel;3945
Niedergampel;3945
Bratsch;3957
Turtmann;3946
Gruben;3946
Unterems;3948
Bovernier;1932
Les Valettes (Bovernier);1932
Charrat;1906
Fully;1926
Is�rables;1914
Ovronnaz;1911
Leytron;1912
Produit (Leytron);1912
Montagnon (Leytron);1912
Dugny (Leytron);1912
Martigny;1920
Martigny-Croix;1921
Ravoire;1928
Riddes;1908
Auddes-sur-Riddes;1914
La Tzoumaz;1918
Saillon;1913
Saillon;1913
Saxon;1907
Trient;1929
Champ�ry;1874
Collombey;1868
Muraz (Collombey);1893
Monthey;1870
Monthey;1870
Cho�x;1871
Les Giettes;1871
Bouveret;1897
Les Evouettes;1897
St-Gingolph;1898
Troistorrents;1872
Morgins;1875
Val-d'Illiez;1873
Champoussin;1873
Les Crosets;1873
Vionnaz;1895
Torgon;1899
Vouvry;1896
Miex;1896
Bister;3983
Bitsch;3982
Grengiols;3993
Goppisberg;3983
Greich;3983
Ried-M�rel;3986
Riederalp;3987
Ausserberg;3938
Blatten (L�tschen);3919
B�rchen;3935
Eischoll;3943
Ferden;3916
Goppenstein;3917
Kippel;3917
Niedergesteln;3942
Raron;3942
St. German;3942
Unterb�ch VS;3944
Wiler (L�tschen);3918
M�rel;3983
Filet;3983
Steg VS;3940
Hohtenn;3949
Betten;3991
Bettmeralp;3992
Martisberg;3994
Collonges;1903
Dor�naz;1905
Evionnaz;1902
Finhaut;1925
Le Ch�telard VS;1925
Massongex;1869
St-Maurice;1890
Mex VS;1890
Salvan;1922
Les Granges (Salvan);1922
Les Mar�cottes;1923
Le Tr�tien;1923
Vernayaz;1904
V�rossaz;1891
Chalais;3966
R�chy;3966
Vercorin;3967
Chippis;3965
Gr�ne;3979
Icogne;1977
Lens;1978
Flanthey;3978
Mi�ge;3972
St-L�onard;1958
Sierre;3960
Muraz (Sierre);3960
No�s;3976
Granges VS;3977
Venth�ne;3973
Veyras;3968
Niouc;3960
Vissoie;3961
St-Luc;3961
Chandolin;3961
Ayer;3961
Zinal;3961
Grimentz;3961
Mission;3961
St-Jean VS;3961
Corin-de-la-Cr�te;3960
Loc;3960
Crans-Montana;3963
Montana;3963
Aminona;3963
Chermignon;3971
Chermignon-d'en-Bas;3971
Ollon VS;3971
Mollens VS;3974
Randogne;3975
Champzab�;3976
Arbaz;1974
Grimisuat;1971
Champlan (Grimisuat);1971
Roumaz (Savi�se);1965
Granois (Savi�se);1965
St-Germain (Savi�se);1965
Orm�ne (Savi�se);1965
Mayens-de-la-Zour (Savi�se);1965
Chandolin (Savi�se);1965
Dr�ne (Savi�se);1965
Monteiller (Savi�se);1965
Diolly (Savi�se);1965
La Muraz (Savi�se);1965
Sion;1950
Uvrier;1958
Pont-de-la-Morge (Sion);1962
Bramois;1967
Salins;1991
Arvillard (Salins);1991
Pravidondaz (Salins);1991
Turin (Salins);1991
Mis�riez (Salins);1991
Les Agettes;1992
Les Mayens-de-Sion;1992
La Vernaz (Les Agettes);1992
Cr�te-�-l'Oeil (Les Agettes);1992
Veysonnaz;1993
Baltschieder;3937
Baltschieder;3937
Eisten;3922
Kalpetran;3922
Embd;3926
Gr�chen;3925
Lalden;3931
Randa;3928
Saas-Almagell;3905
Saas-Balen;3908
Saas-Fee;3906
Saas-Grund;3910
St. Niklaus VS;3924
Herbriggen;3927
Stalden VS;3922
Staldenried;3933
T�sch;3929
T�rbel;3923
Visp;3930
Eyholz;3930
Visperterminen;3932
Zeneggen;3934
Zermatt;3920
Bevaix;2022
Areuse;2015
Boudry;2017
Corcelles NE;2035
Cormondr�che;2036
Cortaillod;2016
Fresens;2027
Gorgier;2023
Chez-le-Bart;2025
Montalchez;2027
Peseux;2034
Rochefort;2019
Chambrelien;2019
Montezillon;2037
Champ-du-Moulin;2149
Fretereules;2149
Brot-Dessous;2149
St-Aubin-Sauges;2024
Vaumarcus;2028
Auvernier;2012
Colombier NE;2013
B�le;2014
La Chaux-de-Fonds;2300
La Cibourg;2300
Le Cr�t-du-Locle;2322
La Cibourg;2333
La Cibourg;2616
Les Planchettes;2325
La Sagne NE;2314
Les Brenets;2416
La Br�vine;2406
Les Taill�res;2406
La Ch�tagne;2406
Le Brouillet;2406
Brot-Plamboz;2318
Le Cerneux-P�quignot;2414
La Chaux-du-Milieu;2405
Le Locle;2400
Le Locle;2400
Le Pr�voux;2400
Les Ponts-de-Martel;2316
Petit-Martel;2316
Cornaux NE;2087
Cressier NE;2088
Enges;2073
Hauterive NE;2068
Le Landeron;2525
Ligni�res;2523
Neuch�tel;2000
Chaumont;2067
St-Blaise;2072
Marin-Epagnier;2074
Thielle;2075
Wavre;2075
Valangin;2042
Montmollin;2037
Boudevilliers;2043
Fontaines NE;2046
Fontainemelon;2052
La Vue-des-Alpes;2052
Cernier;2053
Ch�zard-St-Martin;2054
Les Vieux-Pr�s;2054
Dombresson;2056
Villiers;2057
Le P�quier NE;2058
Vilars NE;2063
Engollon;2063
Fenin;2063
Saules;2063
Savagnier;2065
Les Geneveys-sur-Coffrane;2206
Coffrane;2207
Les Hauts-Geneveys;2208
La C�te-aux-F�es;2117
Les Verri�res;2126
Noiraigue;2103
Travers;2105
Couvet;2108
M�tiers NE;2112
Boveresse;2113
Fleurier;2114
Buttes;2115
Mont-de-Buttes;2116
St-Sulpice NE;2123
Les Sagnettes;2124
Les Bayards;2127
Aire-la-Ville;1288
Ani�res;1247
Avully;1237
Athenaz (Avusy);1285
La Croix-de-Rozon;1257
Bellevue;1293
Bernex;1233
Carouge GE;1227
Cartigny;1236
C�ligny;1298
C�ligny;1298
Chancy;1284
Ch�ne-Bougeries;1224
Conches;1231
Ch�ne-Bourg;1225
Choulex;1244
Collex;1239
V�senaz;1222
Collonge-Bellerive;1245
Cologny;1223
Confignon;1232
Corsier GE;1246
La Plaine;1283
Dardagny;1283
Gen�ve;1201
Gen�ve;1202
Gen�ve;1203
Gen�ve;1204
Gen�ve;1205
Gen�ve;1206
Gen�ve;1207
Gen�ve;1208
Gen�ve;1209
Les Acacias;1227
Genthod;1294
Gen�ve;1215
Le Grand-Saconnex;1218
Gy;1251
Hermance;1248
Jussy;1254
Laconnex;1287
Grand-Lancy;1212
Petit-Lancy;1213
Meinier;1252
Cointrin;1216
Meyrin;1217
Onex;1213
Perly;1258
Plan-les-Ouates;1228
Chamb�sy;1292
Presinge;1243
Puplinge;1241
Russin;1281
Satigny;1242
Soral;1286
Th�nex;1226
Troinex;1256
Vandoeuvres;1253
Vernier;1214
Le Lignon;1219
A�re;1219
Ch�telaine;1219
Les Avanchets;1220
Versoix;1290
Vessy;1234
Veyrier;1255
Bo�court;2856
Montavon;2857
Bourrignon;2803
Ch�tillon JU;2843
Corban;2826
Courchapoix;2825
Courrendlin;2830
Courroux;2822
Courcelon;2823
Court�telle;2852
Del�mont;2800
Develier;2802
Ederswiler;2813
Mervelier;2827
Mettembert;2806
Movelier;2812
Pleigne;2807
Lucelle;2807
Rebeuvelier;2832
Rossemaison;2842
Saulcy;2873
Soyhi�res;2805
Vellerat;2830
Courfaivre;2853
Bassecourt;2854
Glovelier;2855
Undervelier;2863
Soulce;2864
Vicques;2824
Montsevelier;2828
Vermes;2829
Le B�mont JU;2360
Les Bois;2336
Les Breuleux;2345
La Chaux-des-Breuleux;2345
Les Enfers;2363
Les Genevez JU;2714
Le Pr�dame;2714
Lajoux JU;2718
Fornet-Dessus;2718
Montfaucon;2362
Montfavergier;2362
Les Emibois;2338
Muriaux;2338
Le Noirmont;2340
Saignel�gier;2350
Les Pommerats;2353
Goumois;2354
St-Brais;2364
St-Ursanne;2882
Soubey;2887
Alle;2942
Beurnev�sin;2935
Boncourt;2926
Bonfol;2944
Bure;2915
Coeuve;2932
Cornol;2952
Courchavon;2922
Courgenay;2950
Courtemautruy;2950
Courtedoux;2905
Damphreux;2933
Fahy;2916
Fontenais;2902
Villars-sur-Fontenais;2903
Bressaucourt;2904
Grandfontaine;2908
Lugnez;2933
Porrentruy;2900
Rocourt;2907
Vendlincourt;2943
Courtema�che;2923
Montignez;2924
Buix;2925
St-Ursanne;2882
Montmelon;2883
Montenol;2884
Epauvillers;2885
Epiquerez;2886
Seleute;2888
Ocourt;2889
Chevenez;2906
R�cl�re;2912
Roche-d'Or;2912
Damvant;2914
Mi�court;2946
Charmoille;2947
Fregi�court;2953
Pleujouse;2953
Asuel;2954
Vaduz;9490
Triesen;9495
Balzers;9496
Triesenberg;9497
Schaan;9494
Planken;9498
Nendeln;9485
Eschen;9492
Schaanwald;9486
Mauren FL;9493
Gamprin-Bendern;9487
Ruggell;9491
Schellenberg;9488
Thunersee;9999
Brienzersee;9999
Bielersee;9999
